insert into users (id, name, lastname, email, password, role, image	) values (1, 'azvi', 'azvi', 'prueba@gmail.com', '$2b$10$GprdrGr3yVqhvmszQX5K8eaEvrNG12Gbl/Th6lKjsCt75h2w4yFVO', 'admin', 'adminAzvi.png');
insert into users (id, name, lastname, email, password, role, image	) values (2, 'Etan', 'Perllman', 'eperllman1@freewebs.com', '$2b$10$wF8bzYlXC/o03Z8TWzK42ec0dIM4uUZeIgcMMoNCQk7FjOreoUN0e', 'user', 'generalAvatar.png');
insert into users (id, name, lastname, email, password, role, image	) values (3, 'Klaus', 'Cator', 'kcator2@yelp.com', '$2b$10$wF8bzYlXC/o03Z8TWzK42ec0dIM4uUZeIgcMMoNCQk7FjOreoUN0e', 'user', 'generalAvatar.png');
insert into users (id, name, lastname, email, password, role, image	) values (4, 'Avery', 'Mohun', 'amohun3@rediff.com', '$2b$10$wF8bzYlXC/o03Z8TWzK42ec0dIM4uUZeIgcMMoNCQk7FjOreoUN0e', 'user', 'generalAvatar.png');
insert into users (id, name, lastname, email, password, role, image	) values (5, 'Olivier', 'Gainforth', 'ogainforth4@cafepress.com', '$2b$10$wF8bzYlXC/o03Z8TWzK42ec0dIM4uUZeIgcMMoNCQk7FjOreoUN0e', 'user', 'generalAvatar.png');
insert into categories (id, name) values (1, 'Carpinteria');
insert into categories (id, name) values (2, 'Plomeria');
insert into categories (id, name) values (3, 'Pintura');
insert into categories (id, name) values (4, 'Cerrajeria');
insert into categories (id, name) values (5, 'Heladeras');
insert into categories (id, name) values (6, 'Mecanico');
insert into categories (id, name) values (7, 'Lavarropas');
insert into categories (id, name) values (8, 'Acc');
insert into providers (id, name, lastname, email, cellphone, location, score, categorieId, image) values (1, 'Adler', 'Jefford', 'ajefford0@irs.gov', '941-740-3584', 'Punta Gorda', 4, 3, "user_11.jpg");
insert into providers (id, name, lastname, email, cellphone, location, score, categorieId, image) values (2, 'Teresita', 'MacAne', 'tmacane1@deliciousdays.com', '354-139-6279', 'Maca', 4, 4, "user_11.jpg");
insert into providers (id, name, lastname, email, cellphone, location, score, categorieId, image) values (3, 'Abey', 'Gallemore', 'agallemore2@businesswire.com', '860-412-2453', 'Batulawang', 4, 1, "user_11.jpg");
insert into providers (id, name, lastname, email, cellphone, location, score, categorieId, image) values (4, 'Dyanne', 'Beadham', 'dbeadham3@ustream.tv', '276-111-4225', 'Isehara', 4, 1, "user_11.jpg");
insert into providers (id, name, lastname, email, cellphone, location, score, categorieId, image) values (5, 'Erinn', 'Hunte', 'ehunte4@sakura.ne.jp', '998-565-5346', 'Shumikha', 3, 1, "user_11.jpg");
insert into providers (id, name, lastname, email, cellphone, location, score, categorieId, image) values (6, 'Kiersten', 'Devorill', 'kdevorill5@redcross.org', '395-523-7897', 'Changping', 1, 1, "user_11.jpg");
insert into providers (id, name, lastname, email, cellphone, location, score, categorieId, image) values (7, 'Connie', 'Pearle', 'cpearle6@nba.com', '802-361-9600', 'La Asunción', 5, 7, "user_11.jpg");
insert into providers (id, name, lastname, email, cellphone, location, score, categorieId, image) values (8, 'Grethel', 'Trotton', 'gtrotton7@wikispaces.com', '852-490-4286', 'Nizhniy Ufaley', 1, 6, "user_11.jpg");
insert into providers (id, name, lastname, email, cellphone, location, score, categorieId, image) values (9, 'Chick', 'Sydenham', 'csydenham8@moonfruit.com', '889-742-5105', 'Wąsosz', 4, 7, "user_11.jpg");
insert into providers (id, name, lastname, email, cellphone, location, score, categorieId, image) values (10, 'Shina', 'Worster', 'sworster9@marriott.com', '708-551-2931', 'Meïganga', 1, 3, "user_11.jpg");
insert into providers (id, name, lastname, email, cellphone, location, score, categorieId, image) values (11, 'Teddy', 'Foulks', 'tfoulksa@npr.org', '406-850-2753', 'Warsaw', 4, 2, "user_11.jpg");
insert into providers (id, name, lastname, email, cellphone, location, score, categorieId, image) values (12, 'Towney', 'Ambrogio', 'tambrogiob@forbes.com', '764-445-9839', 'Dugu', 5, 1, "user_11.jpg");
insert into providers (id, name, lastname, email, cellphone, location, score, categorieId, image) values (13, 'Jennilee', 'Lidgett', 'jlidgettc@reddit.com', '895-698-4314', 'Solnechnyy', 5, 1, "user_11.jpg");
insert into providers (id, name, lastname, email, cellphone, location, score, categorieId, image) values (14, 'Dorise', 'Thorald', 'dthoraldd@sciencedirect.com', '652-566-6341', 'Göteborg', 2, 6, "user_11.jpg");
insert into providers (id, name, lastname, email, cellphone, location, score, categorieId, image) values (15, 'Valli', 'Curgenven', 'vcurgenvene@gnu.org', '515-585-6733', 'Kristiansand S', 2, 4, "user_11.jpg");
insert into providers (id, name, lastname, email, cellphone, location, score, categorieId, image) values (16, 'Muhammad', 'Willimot', 'mwillimotf@prweb.com', '841-741-3022', 'Wushan', 4, 6, "user_11.jpg");
insert into providers (id, name, lastname, email, cellphone, location, score, categorieId, image) values (17, 'Kelsy', 'Pierrepoint', 'kpierrepointg@army.mil', '317-224-1708', 'Zavidovo', 5, 7, "user_11.jpg");
insert into providers (id, name, lastname, email, cellphone, location, score, categorieId, image) values (18, 'Salvatore', 'Houlston', 'shoulstonh@ow.ly', '818-470-3459', 'Halmstad', 5, 7, "user_11.jpg");
insert into providers (id, name, lastname, email, cellphone, location, score, categorieId, image) values (19, 'Dorie', 'Standage', 'dstandagei@epa.gov', '360-403-7300', 'Balungao', 2, 6, "user_11.jpg");
insert into providers (id, name, lastname, email, cellphone, location, score, categorieId, image) values (20, 'Cariotta', 'Rouke', 'croukej@yelp.com', '141-596-2049', 'Braunschweig', 2, 4, "user_11.jpg");
insert into providers (id, name, lastname, email, cellphone, location, score, categorieId, image) values (21, 'Helenelizabeth', 'Chidgey', 'hchidgeyk@about.com', '297-977-6993', 'Tulle', 5, 4, "user_11.jpg");
insert into providers (id, name, lastname, email, cellphone, location, score, categorieId, image) values (22, 'Geno', 'Harmston', 'gharmstonl@trellian.com', '286-263-2745', 'Norrköping', 3, 7, "user_11.jpg");
insert into providers (id, name, lastname, email, cellphone, location, score, categorieId, image) values (23, 'Lucias', 'Nussii', 'lnussiim@facebook.com', '923-729-7639', 'Torzhok', 4, 7, "user_11.jpg");
insert into providers (id, name, lastname, email, cellphone, location, score, categorieId, image) values (24, 'Florri', 'Gilfoy', 'fgilfoyn@amazon.com', '973-655-2790', 'Maoqitun', 3, 4, "user_11.jpg");
insert into providers (id, name, lastname, email, cellphone, location, score, categorieId, image) values (25, 'Charlean', 'Pusey', 'cpuseyo@jiathis.com', '661-779-6172', 'Charlestown', 5, 3, "user_11.jpg");
insert into providers (id, name, lastname, email, cellphone, location, score, categorieId, image) values (26, 'Orin', 'Chelley', 'ochelleyp@sogou.com', '358-749-7673', 'Santa Cruz La Laguna', 5, 7, "user_11.jpg");
insert into providers (id, name, lastname, email, cellphone, location, score, categorieId, image) values (27, 'Nicolette', 'Godbert', 'ngodbertq@dagondesign.com', '149-715-4925', 'Sinhyeon', 2, 3, "user_11.jpg");
insert into providers (id, name, lastname, email, cellphone, location, score, categorieId, image) values (28, 'Leland', 'Letcher', 'lletcherr@howstuffworks.com', '730-868-6150', 'Zābolī', 3, 7, "user_11.jpg");
insert into providers (id, name, lastname, email, cellphone, location, score, categorieId, image) values (29, 'Abbye', 'Somner', 'asomners@sakura.ne.jp', '345-343-3664', 'Guangfu', 5, 4, "user_11.jpg");
insert into providers (id, name, lastname, email, cellphone, location, score, categorieId, image) values (30, 'Melony', 'Leadley', 'mleadleyt@devhub.com', '701-792-8237', 'Västerås', 2, 7, "user_11.jpg");
insert into providers (id, name, lastname, email, cellphone, location, score, categorieId, image) values (31, 'Onida', 'Server', 'oserveru@delicious.com', '129-465-6693', 'Xichang', 5, 6, "user_11.jpg");
insert into providers (id, name, lastname, email, cellphone, location, score, categorieId, image) values (32, 'Siward', 'Jerger', 'sjergerv@alexa.com', '351-651-2943', 'Sịa', 3, 6, "user_11.jpg");
insert into providers (id, name, lastname, email, cellphone, location, score, categorieId, image) values (33, 'Vincents', 'Simo', 'vsimow@adobe.com', '881-389-3916', 'Xinzha', 1, 2, "user_11.jpg");
insert into providers (id, name, lastname, email, cellphone, location, score, categorieId, image) values (34, 'Rhody', 'Ipsgrave', 'ripsgravex@nydailynews.com', '232-939-1416', 'Hong Kong', 5, 1, "user_11.jpg");
insert into providers (id, name, lastname, email, cellphone, location, score, categorieId, image) values (35, 'Tiebout', 'Randlesome', 'trandlesomey@ustream.tv', '619-226-0717', 'San Diego', 5, 1, "user_11.jpg");
insert into providers (id, name, lastname, email, cellphone, location, score, categorieId, image) values (36, 'Dick', 'Swinfon', 'dswinfonz@nifty.com', '916-108-8129', 'Sacramento', 2, 3, "user_11.jpg");
insert into providers (id, name, lastname, email, cellphone, location, score, categorieId, image) values (37, 'Gaylord', 'Riccioppo', 'griccioppo10@cnbc.com', '143-281-7177', 'Bom Conselho', 1, 3, "user_11.jpg");
insert into providers (id, name, lastname, email, cellphone, location, score, categorieId, image) values (38, 'Augustus', 'Crewe', 'acrewe11@scribd.com', '326-206-6753', 'Didian', 5, 2, "user_11.jpg");
insert into providers (id, name, lastname, email, cellphone, location, score, categorieId, image) values (39, 'Batholomew', 'Neate', 'bneate12@youku.com', '276-284-7282', 'Puyung', 4, 2, "user_11.jpg");
insert into providers (id, name, lastname, email, cellphone, location, score, categorieId, image) values (40, 'Gawen', 'Jennaroy', 'gjennaroy13@wix.com', '411-371-7499', 'Alençon', 5, 4, "user_11.jpg");
insert into providers (id, name, lastname, email, cellphone, location, score, categorieId, image) values (41, 'Abey', 'Kineton', 'akineton14@va.gov', '702-192-9373', 'Pamoyanan', 3, 2, "user_11.jpg");
insert into providers (id, name, lastname, email, cellphone, location, score, categorieId, image) values (42, 'Evy', 'Galley', 'egalley15@timesonline.co.uk', '369-963-1515', 'Glafirovka', 5, 3, "user_11.jpg");
insert into providers (id, name, lastname, email, cellphone, location, score, categorieId, image) values (43, 'Fields', 'Calverley', 'fcalverley16@whitehouse.gov', '649-724-7198', 'Puhja', 2, 4, "user_11.jpg");
insert into providers (id, name, lastname, email, cellphone, location, score, categorieId, image) values (44, 'Corinna', 'Titterington', 'ctitterington17@comcast.net', '916-810-8929', 'Daishan', 5, 6, "user_11.jpg");
insert into providers (id, name, lastname, email, cellphone, location, score, categorieId, image) values (45, 'Dudley', 'Capeloff', 'dcapeloff18@apache.org', '240-346-6558', 'Lazaro Cardenas', 3, 5, "user_11.jpg");
insert into providers (id, name, lastname, email, cellphone, location, score, categorieId, image) values (46, 'Mathilde', 'Baroc', 'mbaroc19@amazon.com', '255-101-5221', 'Sitabamba', 5, 5, "user_11.jpg");
insert into providers (id, name, lastname, email, cellphone, location, score, categorieId, image) values (47, 'Ludovico', 'Boshard', 'lboshard1a@ftc.gov', '484-147-1149', 'Pitai', 1, 5, "user_11.jpg");
insert into providers (id, name, lastname, email, cellphone, location, score, categorieId, image) values (48, 'Katey', 'Chiverstone', 'kchiverstone1b@acquirethisname.com', '883-186-7955', 'Novogireyevo', 1, 6, "user_11.jpg");
insert into providers (id, name, lastname, email, cellphone, location, score, categorieId, image) values (49, 'Evangeline', 'Durnell', 'edurnell1c@cmu.edu', '126-267-4312', 'Coutances', 1, 1, "user_11.jpg");
insert into providers (id, name, lastname, email, cellphone, location, score, categorieId, image) values (50, 'Quintana', 'Charman', 'qcharman1d@businessinsider.com', '590-939-8175', 'Edéa', 2, 6, "user_11.jpg");
insert into providers (id, name, lastname, email, cellphone, location, score, categorieId, image) values (51, 'Xenos', 'Newlyn', 'xnewlyn1e@harvard.edu', '563-369-4955', 'Xinwo', 4, 3, "user_11.jpg");
insert into providers (id, name, lastname, email, cellphone, location, score, categorieId, image) values (52, 'Gianni', 'Telford', 'gtelford1f@slashdot.org', '861-152-9978', 'Zengfu', 4, 2, "user_11.jpg");
insert into providers (id, name, lastname, email, cellphone, location, score, categorieId, image) values (53, 'Malanie', 'Crennan', 'mcrennan1g@spiegel.de', '303-711-9472', 'Lebak', 5, 1, "user_11.jpg");
insert into providers (id, name, lastname, email, cellphone, location, score, categorieId, image) values (54, 'Joye', 'Rothchild', 'jrothchild1h@printfriendly.com', '557-699-0258', 'Novozavedennoye', 2, 7, "user_11.jpg");
insert into providers (id, name, lastname, email, cellphone, location, score, categorieId, image) values (55, 'Winifield', 'Quogan', 'wquogan1i@deviantart.com', '513-246-0739', 'Lijiaping', 2, 5, "user_11.jpg");
insert into providers (id, name, lastname, email, cellphone, location, score, categorieId, image) values (56, 'Lulita', 'Simonitto', 'lsimonitto1j@bizjournals.com', '696-519-8190', 'Otuke', 5, 1, "user_11.jpg");
insert into providers (id, name, lastname, email, cellphone, location, score, categorieId, image) values (57, 'Coralyn', 'Stallworth', 'cstallworth1k@trellian.com', '248-879-1682', 'Rasshevatskaya', 3, 3, "user_11.jpg");
insert into providers (id, name, lastname, email, cellphone, location, score, categorieId, image) values (58, 'Sigfrid', 'Taffley', 'staffley1l@microsoft.com', '516-407-0349', 'Almere Stad', 2, 5, "user_11.jpg");
insert into providers (id, name, lastname, email, cellphone, location, score, categorieId, image) values (59, 'Blinni', 'Forcer', 'bforcer1m@hubpages.com', '466-322-1291', 'Araguari', 4, 7, "user_11.jpg");
insert into providers (id, name, lastname, email, cellphone, location, score, categorieId, image) values (60, 'Barde', 'Weatherell', 'bweatherell1n@cmu.edu', '388-928-0805', 'Faeanak Dua', 3, 3, "user_11.jpg");
insert into providers (id, name, lastname, email, cellphone, location, score, categorieId, image) values (61, 'Claretta', 'Talby', 'ctalby1o@tripod.com', '150-477-5411', 'Jayune', 1, 2, "user_11.jpg");
insert into providers (id, name, lastname, email, cellphone, location, score, categorieId, image) values (62, 'Nance', 'McCall', 'nmccall1p@geocities.com', '563-327-5516', 'Phumĭ Véal Srê', 3, 3, "user_11.jpg");
insert into providers (id, name, lastname, email, cellphone, location, score, categorieId, image) values (63, 'Gracia', 'McDonell', 'gmcdonell1q@nih.gov', '347-460-7782', 'Shanghudi', 5, 3, "user_11.jpg");
insert into providers (id, name, lastname, email, cellphone, location, score, categorieId, image) values (64, 'Gustave', 'Ewart', 'gewart1r@cmu.edu', '556-915-8809', 'Gangkoujie', 5, 6, "user_11.jpg");
insert into providers (id, name, lastname, email, cellphone, location, score, categorieId, image) values (65, 'Emmett', 'Scantlebury', 'escantlebury1s@sbwire.com', '449-656-5751', 'Byczyna', 2, 5, "user_11.jpg");
insert into providers (id, name, lastname, email, cellphone, location, score, categorieId, image) values (66, 'Corella', 'Isakovic', 'cisakovic1t@xinhuanet.com', '236-272-3788', 'Bungkal', 3, 3, "user_11.jpg");
insert into providers (id, name, lastname, email, cellphone, location, score, categorieId, image) values (67, 'Pepillo', 'De Vaan', 'pdevaan1u@house.gov', '739-764-3500', 'Youdunjie', 4, 2, "user_11.jpg");
insert into providers (id, name, lastname, email, cellphone, location, score, categorieId, image) values (68, 'Karil', 'Barkaway', 'kbarkaway1v@webmd.com', '261-163-8489', 'Pamplona/Iruña', 4, 6, "user_11.jpg");
insert into providers (id, name, lastname, email, cellphone, location, score, categorieId, image) values (69, 'Rosmunda', 'Derkes', 'rderkes1w@vk.com', '930-663-9197', 'Dete', 2, 5, "user_11.jpg");
insert into providers (id, name, lastname, email, cellphone, location, score, categorieId, image) values (70, 'Kial', 'Brombell', 'kbrombell1x@phoca.cz', '789-952-5363', 'Novaya Mayna', 3, 7, "user_11.jpg");
insert into providers (id, name, lastname, email, cellphone, location, score, categorieId, image) values (71, 'Kinnie', 'Farrell', 'kfarrell1y@friendfeed.com', '254-780-6268', 'Ðà Lạt', 4, 3, "user_11.jpg");
insert into providers (id, name, lastname, email, cellphone, location, score, categorieId, image) values (72, 'Chrissie', 'Stileman', 'cstileman1z@icio.us', '877-473-7399', 'Hongyansi', 2, 3, "user_11.jpg");
insert into providers (id, name, lastname, email, cellphone, location, score, categorieId, image) values (73, 'Marjy', 'Rizzini', 'mrizzini20@buzzfeed.com', '151-791-5058', 'Majāz al Bāb', 4, 4, "user_11.jpg");
insert into providers (id, name, lastname, email, cellphone, location, score, categorieId, image) values (74, 'Crissie', 'Spensly', 'cspensly21@google.co.jp', '665-739-2444', 'Bator', 3, 7, "user_11.jpg");
insert into providers (id, name, lastname, email, cellphone, location, score, categorieId, image) values (75, 'Patrice', 'Coan', 'pcoan22@state.gov', '652-303-0829', 'Videira', 1, 6, "user_11.jpg");
insert into providers (id, name, lastname, email, cellphone, location, score, categorieId, image) values (76, 'Essy', 'Crossgrove', 'ecrossgrove23@webnode.com', '598-264-6129', 'Simitli', 1, 4, "user_11.jpg");
insert into providers (id, name, lastname, email, cellphone, location, score, categorieId, image) values (77, 'Salim', 'Robinson', 'srobinson24@pen.io', '512-862-7111', 'Mao', 2, 4, "user_11.jpg");
insert into providers (id, name, lastname, email, cellphone, location, score, categorieId, image) values (78, 'Marieann', 'Crehan', 'mcrehan25@opensource.org', '762-265-4970', 'Āshtīān', 2, 6, "user_11.jpg");
insert into providers (id, name, lastname, email, cellphone, location, score, categorieId, image) values (79, 'Denver', 'Mulhill', 'dmulhill26@hexun.com', '898-431-5495', 'Roi Et', 4, 5, "user_11.jpg");
insert into providers (id, name, lastname, email, cellphone, location, score, categorieId, image) values (80, 'Dela', 'Gringley', 'dgringley27@freewebs.com', '427-212-8337', 'Lanús', 1, 7, "user_11.jpg");
insert into providers (id, name, lastname, email, cellphone, location, score, categorieId, image) values (81, 'Reeva', 'Mettrick', 'rmettrick28@wisc.edu', '847-591-9420', 'Yungaisi', 2, 6, "user_11.jpg");
insert into providers (id, name, lastname, email, cellphone, location, score, categorieId, image) values (82, 'Phil', 'Hankins', 'phankins29@go.com', '265-244-0157', 'Cai Doi Vam', 2, 1, "user_11.jpg");
insert into providers (id, name, lastname, email, cellphone, location, score, categorieId, image) values (83, 'Zita', 'Vivyan', 'zvivyan2a@biblegateway.com', '440-925-1079', 'Kunmi Erdi', 2, 1, "user_11.jpg");
insert into providers (id, name, lastname, email, cellphone, location, score, categorieId, image) values (84, 'Dollie', 'Shiel', 'dshiel2b@nps.gov', '187-323-9419', 'Haoba', 2, 5, "user_11.jpg");
insert into providers (id, name, lastname, email, cellphone, location, score, categorieId, image) values (85, 'Benson', 'Philliphs', 'bphilliphs2c@hibu.com', '845-769-1255', 'Changshan', 3, 2, "user_11.jpg");
insert into providers (id, name, lastname, email, cellphone, location, score, categorieId, image) values (86, 'Adolph', 'Reeday', 'areeday2d@wufoo.com', '652-541-6618', 'Estique', 1, 5, "user_11.jpg");
insert into providers (id, name, lastname, email, cellphone, location, score, categorieId, image) values (87, 'Evvie', 'Goff', 'egoff2e@digg.com', '668-730-3367', 'Tuka', 3, 4, "user_11.jpg");
insert into providers (id, name, lastname, email, cellphone, location, score, categorieId, image) values (88, 'Sterne', 'Wollacott', 'swollacott2f@flickr.com', '626-876-8237', 'Tsiombe', 5, 3, "user_11.jpg");
insert into providers (id, name, lastname, email, cellphone, location, score, categorieId, image) values (89, 'Chaddie', 'Terrington', 'cterrington2g@diigo.com', '492-488-9534', 'Buan', 1, 3, "user_11.jpg");
insert into providers (id, name, lastname, email, cellphone, location, score, categorieId, image) values (90, 'Angus', 'Burditt', 'aburditt2h@hp.com', '856-679-6793', 'Zhongmen', 3, 3, "user_11.jpg");
insert into providers (id, name, lastname, email, cellphone, location, score, categorieId, image) values (91, 'Minnaminnie', 'Eglise', 'meglise2i@mediafire.com', '649-340-3137', 'Jiuzhou', 2, 2, "user_11.jpg");
insert into providers (id, name, lastname, email, cellphone, location, score, categorieId, image) values (92, 'Godfry', 'Bonnor', 'gbonnor2j@over-blog.com', '831-728-3461', 'Trondheim', 2, 3, "user_11.jpg");
insert into providers (id, name, lastname, email, cellphone, location, score, categorieId, image) values (93, 'Farris', 'Veel', 'fveel2k@nifty.com', '907-110-6444', 'Bilopillya', 5, 3, "user_11.jpg");
insert into providers (id, name, lastname, email, cellphone, location, score, categorieId, image) values (94, 'Stefania', 'Stoven', 'sstoven2l@bloglovin.com', '187-971-2219', 'Jiangqiao', 4, 6, "user_11.jpg");
insert into providers (id, name, lastname, email, cellphone, location, score, categorieId, image) values (95, 'Elayne', 'Aslett', 'easlett2m@wp.com', '574-111-1810', 'Gunungpeundeuy', 1, 2, "user_11.jpg");
insert into providers (id, name, lastname, email, cellphone, location, score, categorieId, image) values (96, 'Drusi', 'Sawrey', 'dsawrey2n@ebay.co.uk', '195-894-6229', 'Caobi', 1, 5, "user_11.jpg");
insert into providers (id, name, lastname, email, cellphone, location, score, categorieId, image) values (97, 'Rosemary', 'Gerry', 'rgerry2o@ebay.com', '891-931-7508', 'Gouménissa', 1, 6, "user_11.jpg");
insert into providers (id, name, lastname, email, cellphone, location, score, categorieId, image) values (98, 'Derrik', 'Strevens', 'dstrevens2p@mediafire.com', '471-579-3146', 'Kuala Lumpur', 3, 4, "user_11.jpg");
insert into providers (id, name, lastname, email, cellphone, location, score, categorieId, image) values (99, 'Rayna', 'Kremer', 'rkremer2q@fda.gov', '436-394-0741', 'Ar Rawḑ', 1, 6, "user_11.jpg");
insert into providers (id, name, lastname, email, cellphone, location, score, categorieId, image) values (100, 'Ives', 'Lydden', 'ilydden2r@symantec.com', '394-363-4971', 'Talun', 2, 5, "user_11.jpg");
insert into providers (id, name, lastname, email, cellphone, location, score, categorieId, image) values (101, 'Facundo', 'Aquino', 'f_aquino@symantec.com', '394-363-4971', 'La Plata', 5, 8, "user_11.jpg");
insert into services (id, title, description, providerId) values (1, 'Reparaciones en general', 'Realizo reparaciones en general de cualquier tipo de mueble del hogar, también en puertas o ventanas de madera.', 3);
insert into services (id, title, description, providerId) values (2, 'Reparaciones en general', 'Realizo reparaciones en general de cualquier tipo de mueble del hogar, también en puertas o ventanas de madera.', 4);
insert into services (id, title, description, providerId) values (3, 'Reparaciones en general', 'Realizo reparaciones en general de cualquier tipo de mueble del hogar, también en puertas o ventanas de madera.', 5);
insert into services (id, title, description, providerId) values (4, 'Reparaciones en general', 'Realizo reparaciones en general de cualquier tipo de mueble del hogar, también en puertas o ventanas de madera.', 6);
insert into services (id, title, description, providerId) values (5, 'Reparaciones en general', 'Realizo reparaciones en general de cualquier tipo de mueble del hogar, también en puertas o ventanas de madera.', 13);
insert into services (id, title, description, providerId) values (6, 'Reparaciones en general', 'Realizo reparaciones en general de cualquier tipo de mueble del hogar, también en puertas o ventanas de madera.', 34);
insert into services (id, title, description, providerId) values (7, 'Reparaciones en general', 'Realizo reparaciones en general de cualquier tipo de mueble del hogar, también en puertas o ventanas de madera.', 35);
insert into services (id, title, description, providerId) values (8, 'Reparaciones en general', 'Realizo reparaciones en general de cualquier tipo de mueble del hogar, también en puertas o ventanas de madera.', 49);
insert into services (id, title, description, providerId) values (9, 'Reparaciones en general', 'Realizo reparaciones en general de cualquier tipo de mueble del hogar, también en puertas o ventanas de madera.', 53);
insert into services (id, title, description, providerId) values (10, 'Reparaciones en general', 'Realizo reparaciones en general de cualquier tipo de mueble del hogar, también en puertas o ventanas de madera.', 56);
insert into services (id, title, description, providerId) values (11, 'Reparaciones en general', 'Realizo reparaciones en general de cualquier tipo de mueble del hogar, también en puertas o ventanas de madera.', 82);
insert into services (id, title, description, providerId) values (12, 'Reparaciones en general', 'Realizo reparaciones en general de cualquier tipo de mueble del hogar, también en puertas o ventanas de madera.', 83);
insert into services (id, title, description, providerId) values (13, 'Plomeria general', 'Limpieza, desagotes, arreglos en general', 11);
insert into services (id, title, description, providerId) values (14, 'Plomeria general', 'Limpieza, desagotes, arreglos en general', 33);
insert into services (id, title, description, providerId) values (15, 'Plomeria general', 'Limpieza, desagotes, arreglos en general', 38);
insert into services (id, title, description, providerId) values (16, 'Plomeria general', 'Limpieza, desagotes, arreglos en general', 39);
insert into services (id, title, description, providerId) values (17, 'Plomeria general', 'Limpieza, desagotes, arreglos en general', 41);
insert into services (id, title, description, providerId) values (18, 'Plomeria general', 'Limpieza, desagotes, arreglos en general', 52);
insert into services (id, title, description, providerId) values (19, 'Plomeria general', 'Limpieza, desagotes, arreglos en general', 61);
insert into services (id, title, description, providerId) values (20, 'Plomeria general', 'Limpieza, desagotes, arreglos en general', 67);
insert into services (id, title, description, providerId) values (21, 'Plomeria general', 'Limpieza, desagotes, arreglos en general', 85);
insert into services (id, title, description, providerId) values (22, 'Plomeria general', 'Limpieza, desagotes, arreglos en general', 91);
insert into services (id, title, description, providerId) values (23, 'Plomeria general', 'Limpieza, desagotes, arreglos en general', 95);
insert into services (id, title, description, providerId) values (24, 'Pintura', 'Servicios de pintura en general, interior, exterior y muebles.', 1);
insert into services (id, title, description, providerId) values (25, 'Pintura', 'Servicios de pintura en general, interior, exterior y muebles.', 10);
insert into services (id, title, description, providerId) values (26, 'Pintura', 'Servicios de pintura en general, interior, exterior y muebles.', 25);
insert into services (id, title, description, providerId) values (27, 'Pintura', 'Servicios de pintura en general, interior, exterior y muebles.', 27);
insert into services (id, title, description, providerId) values (28, 'Pintura', 'Servicios de pintura en general, interior, exterior y muebles.', 36);
insert into services (id, title, description, providerId) values (29, 'Pintura', 'Servicios de pintura en general, interior, exterior y muebles.', 37);
insert into services (id, title, description, providerId) values (30, 'Pintura', 'Servicios de pintura en general, interior, exterior y muebles.', 42);
insert into services (id, title, description, providerId) values (31, 'Pintura', 'Servicios de pintura en general, interior, exterior y muebles.', 51);
insert into services (id, title, description, providerId) values (32, 'Pintura', 'Servicios de pintura en general, interior, exterior y muebles.', 57);
insert into services (id, title, description, providerId) values (33, 'Pintura', 'Servicios de pintura en general, interior, exterior y muebles.', 60);
insert into services (id, title, description, providerId) values (34, 'Pintura', 'Servicios de pintura en general, interior, exterior y muebles.', 62);
insert into services (id, title, description, providerId) values (35, 'Pintura', 'Servicios de pintura en general, interior, exterior y muebles.', 63);
insert into services (id, title, description, providerId) values (36, 'Pintura', 'Servicios de pintura en general, interior, exterior y muebles.', 66);
insert into services (id, title, description, providerId) values (37, 'Pintura', 'Servicios de pintura en general, interior, exterior y muebles.', 71);
insert into services (id, title, description, providerId) values (38, 'Pintura', 'Servicios de pintura en general, interior, exterior y muebles.', 72);
insert into services (id, title, description, providerId) values (39, 'Pintura', 'Servicios de pintura en general, interior, exterior y muebles.', 88);
insert into services (id, title, description, providerId) values (40, 'Pintura', 'Servicios de pintura en general, interior, exterior y muebles.', 89);
insert into services (id, title, description, providerId) values (41, 'Pintura', 'Servicios de pintura en general, interior, exterior y muebles.', 90);
insert into services (id, title, description, providerId) values (42, 'Pintura', 'Servicios de pintura en general, interior, exterior y muebles.', 92);
insert into services (id, title, description, providerId) values (43, 'Pintura', 'Servicios de pintura en general, interior, exterior y muebles.', 93);
insert into services (id, title, description, providerId) values (44, 'Cerrajeria en general', 'Copias de llaves, arreglo de cerraduras.', 2);
insert into services (id, title, description, providerId) values (45, 'Cerrajeria en general', 'Copias de llaves, arreglo de cerraduras.', 15);
insert into services (id, title, description, providerId) values (46, 'Cerrajeria en general', 'Copias de llaves, arreglo de cerraduras.', 20);
insert into services (id, title, description, providerId) values (47, 'Cerrajeria en general', 'Copias de llaves, arreglo de cerraduras.', 21);
insert into services (id, title, description, providerId) values (48, 'Cerrajeria en general', 'Copias de llaves, arreglo de cerraduras.', 24);
insert into services (id, title, description, providerId) values (49, 'Cerrajeria en general', 'Copias de llaves, arreglo de cerraduras.', 29);
insert into services (id, title, description, providerId) values (50, 'Cerrajeria en general', 'Copias de llaves, arreglo de cerraduras.', 40);
insert into services (id, title, description, providerId) values (51, 'Cerrajeria en general', 'Copias de llaves, arreglo de cerraduras.', 43);
insert into services (id, title, description, providerId) values (52, 'Cerrajeria en general', 'Copias de llaves, arreglo de cerraduras.', 73);
insert into services (id, title, description, providerId) values (53, 'Cerrajeria en general', 'Copias de llaves, arreglo de cerraduras.', 76);
insert into services (id, title, description, providerId) values (54, 'Cerrajeria en general', 'Copias de llaves, arreglo de cerraduras.', 77);
insert into services (id, title, description, providerId) values (55, 'Cerrajeria en general', 'Copias de llaves, arreglo de cerraduras.', 87);
insert into services (id, title, description, providerId) values (56, 'Cerrajeria en general', 'Copias de llaves, arreglo de cerraduras.', 98);
insert into services (id, title, description, providerId) values (57, 'Heladeras', 'Reparacion a domicilio.', 45);
insert into services (id, title, description, providerId) values (58, 'Heladeras', 'Reparacion a domicilio.', 46);
insert into services (id, title, description, providerId) values (59, 'Heladeras', 'Reparacion a domicilio.', 47);
insert into services (id, title, description, providerId) values (60, 'Heladeras', 'Reparacion a domicilio.', 55);
insert into services (id, title, description, providerId) values (61, 'Heladeras', 'Reparacion a domicilio.', 58);
insert into services (id, title, description, providerId) values (62, 'Heladeras', 'Reparacion a domicilio.', 65);
insert into services (id, title, description, providerId) values (63, 'Heladeras', 'Reparacion a domicilio.', 69);
insert into services (id, title, description, providerId) values (64, 'Heladeras', 'Reparacion a domicilio.', 79);
insert into services (id, title, description, providerId) values (65, 'Heladeras', 'Reparacion a domicilio.', 84);
insert into services (id, title, description, providerId) values (66, 'Heladeras', 'Reparacion a domicilio.', 86);
insert into services (id, title, description, providerId) values (67, 'Heladeras', 'Reparacion a domicilio.', 96);
insert into services (id, title, description, providerId) values (68, 'Heladeras', 'Reparacion a domicilio.', 100);
insert into services (id, title, description, providerId) values (69, 'Mecanica en general', 'Mantenimiento de vehiculos en general, revisión de fallas previas a presupuesto.', 8);
insert into services (id, title, description, providerId) values (70, 'Mecanica en general', 'Mantenimiento de vehiculos en general, revisión de fallas previas a presupuesto.', 14);
insert into services (id, title, description, providerId) values (71, 'Mecanica en general', 'Mantenimiento de vehiculos en general, revisión de fallas previas a presupuesto.', 16);
insert into services (id, title, description, providerId) values (72, 'Mecanica en general', 'Mantenimiento de vehiculos en general, revisión de fallas previas a presupuesto.', 19);
insert into services (id, title, description, providerId) values (73, 'Mecanica en general', 'Mantenimiento de vehiculos en general, revisión de fallas previas a presupuesto.', 31);
insert into services (id, title, description, providerId) values (74, 'Mecanica en general', 'Mantenimiento de vehiculos en general, revisión de fallas previas a presupuesto.', 32);
insert into services (id, title, description, providerId) values (75, 'Mecanica en general', 'Mantenimiento de vehiculos en general, revisión de fallas previas a presupuesto.', 44);
insert into services (id, title, description, providerId) values (76, 'Mecanica en general', 'Mantenimiento de vehiculos en general, revisión de fallas previas a presupuesto.', 48);
insert into services (id, title, description, providerId) values (77, 'Mecanica en general', 'Mantenimiento de vehiculos en general, revisión de fallas previas a presupuesto.', 50);
insert into services (id, title, description, providerId) values (78, 'Mecanica en general', 'Mantenimiento de vehiculos en general, revisión de fallas previas a presupuesto.', 64);
insert into services (id, title, description, providerId) values (79, 'Mecanica en general', 'Mantenimiento de vehiculos en general, revisión de fallas previas a presupuesto.', 68);
insert into services (id, title, description, providerId) values (80, 'Mecanica en general', 'Mantenimiento de vehiculos en general, revisión de fallas previas a presupuesto.', 75);
insert into services (id, title, description, providerId) values (81, 'Mecanica en general', 'Mantenimiento de vehiculos en general, revisión de fallas previas a presupuesto.', 78);
insert into services (id, title, description, providerId) values (82, 'Mecanica en general', 'Mantenimiento de vehiculos en general, revisión de fallas previas a presupuesto.', 81);
insert into services (id, title, description, providerId) values (83, 'Mecanica en general', 'Mantenimiento de vehiculos en general, revisión de fallas previas a presupuesto.', 94);
insert into services (id, title, description, providerId) values (84, 'Mecanica en general', 'Mantenimiento de vehiculos en general, revisión de fallas previas a presupuesto.', 97);
insert into services (id, title, description, providerId) values (85, 'Mecanica en general', 'Mantenimiento de vehiculos en general, revisión de fallas previas a presupuesto.', 99);
insert into services (id, title, description, providerId) values (86, 'Lavarropas', 'Mantenimiento general y reparación de equipos.', 7);
insert into services (id, title, description, providerId) values (87, 'Lavarropas', 'Mantenimiento general y reparación de equipos.', 9);
insert into services (id, title, description, providerId) values (88, 'Lavarropas', 'Mantenimiento general y reparación de equipos.', 17);
insert into services (id, title, description, providerId) values (89, 'Lavarropas', 'Mantenimiento general y reparación de equipos.', 18);
insert into services (id, title, description, providerId) values (90, 'Lavarropas', 'Mantenimiento general y reparación de equipos.', 22);
insert into services (id, title, description, providerId) values (91, 'Lavarropas', 'Mantenimiento general y reparación de equipos.', 23);
insert into services (id, title, description, providerId) values (92, 'Lavarropas', 'Mantenimiento general y reparación de equipos.', 26);
insert into services (id, title, description, providerId) values (93, 'Lavarropas', 'Mantenimiento general y reparación de equipos.', 28);
insert into services (id, title, description, providerId) values (94, 'Lavarropas', 'Mantenimiento general y reparación de equipos.', 30);
insert into services (id, title, description, providerId) values (95, 'Lavarropas', 'Mantenimiento general y reparación de equipos.', 54);
insert into services (id, title, description, providerId) values (96, 'Lavarropas', 'Mantenimiento general y reparación de equipos.', 59);
insert into services (id, title, description, providerId) values (97, 'Lavarropas', 'Mantenimiento general y reparación de equipos.', 70);
insert into services (id, title, description, providerId) values (98, 'Lavarropas', 'Mantenimiento general y reparación de equipos.', 74);
insert into services (id, title, description, providerId) values (99, 'Lavarropas', 'Mantenimiento general y reparación de equipos.', 80);
insert into services (id, title, description, providerId) values (100, 'Reparaciones en general', 'Realizo reparaciones en general de cualquier tipo de mueble del hogar, también en puertas o ventanas de madera.', 12);
insert into services (id, title, description, providerId) values (101, 'Reparaciones en general', 'Reparación de aires a domicilio', 101);
insert into messages (id, name, phone, plan) values (1, 'Katine', '(319) 3289326', 'Plan seleccionado: Intermedio por $850 mensuales');
insert into messages (id, name, phone, plan) values (2, 'Brooke', '(718) 1607429', 'Plan seleccionado: Premium por $1150 mensuales');
insert into messages (id, name, phone, plan) values (3, 'Bianka', '(355) 1844200', 'Plan seleccionado: Basico por $450 mensuales');
insert into messages (id, name, phone, plan) values (4, 'Nollie', '(166) 2883770', 'Plan seleccionado: Intermedio por $850 mensuales');
insert into messages (id, name, phone, plan) values (5, 'Carlo', '(105) 4772813', 'Plan seleccionado: Basico por $450 mensuales');
insert into messages (id, name, phone, plan) values (6, 'Caressa', '(925) 4047252', 'Plan seleccionado: Intermedio por $850 mensuales');
insert into messages (id, name, phone, plan) values (7, 'Faber', '(427) 9754315', 'Plan seleccionado: Premium por $1150 mensuales');
insert into messages (id, name, phone, plan) values (8, 'Raimondo', '(397) 9228824', 'Plan seleccionado: Premium por $1150 mensuales');
insert into messages (id, name, phone, plan) values (9, 'Vanni', '(266) 8880859', 'Plan seleccionado: Premium por $1150 mensuales');
insert into messages (id, name, phone, plan) values (10, 'Dode', '(745) 8209151', 'Plan seleccionado: Intermedio por $850 mensuales');
